{
    "BODYJOINT 0":{"Timestamp": 3.740658, "Confidence": 0.8826461, "SkeletonChangedCount": 1, "JointPositions": [[0.0, -0.1, 0.4], [0.0, 0.5, 0.4], [0.0, 0.5, 0.4], [0.0, 0.6, 0.4], [0.0, 0.7, 0.4], [0.0, 0.9, 0.4], [0.0, 1.0, 0.4], [0.0, 1.1, 0.3], [0.0, 1.0, 0.3], [-0.2, 1.0, 0.4], [-0.2, 1.0, 0.4], [-0.2, 0.7, 0.2], [0.0, 0.6, 0.1], [0.1, 1.0, 0.3], [0.2, 1.0, 0.5], [0.2, 1.0, 0.5], [0.3, 0.7, 0.4], [0.2, 0.6, 0.2], [0.0, 0.6, 0.0], [0.0, 0.6, 0.1], [0.0, 0.6, 0.1], [0.1, 0.6, 0.1], [0.1, 0.5, 0.0], [0.1, 0.5, 0.0], [0.0, 0.6, 0.1], [0.1, 0.6, 0.0], [0.1, 0.5, 0.0], [0.1, 0.5, 0.0], [0.1, 0.5, 0.0], [0.0, 0.6, 0.1], [0.0, 0.6, 0.0], [0.1, 0.5, 0.0], [0.1, 0.5, 0.0], [0.1, 0.5, 0.0], [0.0, 0.6, 0.1], [0.0, 0.6, 0.0], [0.0, 0.5, 0.0], [0.0, 0.5, 0.0], [0.0, 0.5, 0.0], [0.0, 0.6, 0.1], [0.0, 0.6, 0.0], [0.0, 0.6, 0.0], [0.0, 0.5, 0.0], [0.0, 0.5, 0.0], [0.2, 0.6, 0.1], [0.2, 0.6, 0.2], [0.2, 0.6, 0.1], [0.2, 0.6, 0.1], [0.2, 0.6, 0.1], [0.2, 0.5, 0.1], [0.2, 0.6, 0.1], [0.2, 0.6, 0.1], [0.2, 0.6, 0.1], [0.2, 0.5, 0.0], [0.2, 0.5, 0.0], [0.2, 0.6, 0.2], [0.2, 0.6, 0.1], [0.3, 0.6, 0.1], [0.3, 0.5, 0.0], [0.3, 0.5, 0.0], [0.2, 0.6, 0.2], [0.3, 0.6, 0.1], [0.3, 0.5, 0.1], [0.3, 0.5, 0.1], [0.3, 0.5, 0.1], [0.2, 0.6, 0.2], [0.3, 0.6, 0.1], [0.3, 0.5, 0.1], [0.3, 0.5, 0.1], [0.3, 0.5, 0.1]], "JointOrientations": [[0.0, 0.5, 0.0, 0.8], [-0.4, 0.4, -0.6, 0.6], [-0.4, 0.4, -0.6, 0.6], [-0.4, 0.4, -0.6, 0.6], [-0.4, 0.4, -0.6, 0.6], [-0.4, 0.4, -0.6, 0.6], [-0.5, 0.4, -0.7, 0.4], [-0.4, 0.4, -0.6, 0.5], [-0.7, 0.0, 0.1, 0.7], [-0.6, -0.1, 0.0, 0.8], [0.7, 0.6, 0.0, -0.3], [0.2, 0.9, 0.2, -0.3], [0.3, 0.9, 0.3, -0.2], [-0.7, 0.3, -0.3, -0.6], [-0.7, 0.2, -0.2, -0.6], [-0.5, 0.3, 0.5, -0.6], [-0.6, -0.1, 0.8, -0.2], [-0.5, -0.1, 0.8, -0.3], [-0.5, -0.2, -0.8, -0.1], [-0.5, -0.2, -0.8, -0.1], [0.1, -0.4, 0.9, 0.3], [0.2, -0.3, 0.8, 0.5], [0.1, -0.3, 0.7, 0.6], [0.1, -0.3, 0.7, 0.6], [-0.5, -0.2, -0.8, -0.1], [0.5, 0.3, 0.8, 0.2], [0.4, 0.4, 0.7, 0.5], [0.4, 0.4, 0.6, 0.5], [0.4, 0.4, 0.6, 0.5], [-0.5, -0.2, -0.8, -0.1], [0.5, 0.3, 0.8, 0.2], [0.4, 0.4, 0.7, 0.3], [0.5, 0.4, 0.7, 0.3], [0.5, 0.4, 0.7, 0.3], [-0.5, -0.2, -0.8, -0.1], [0.6, 0.3, 0.8, 0.1], [0.5, 0.4, 0.7, 0.2], [0.5, 0.4, 0.7, 0.3], [0.5, 0.4, 0.7, 0.3], [0.6, 0.4, 0.7, 0.0], [0.7, 0.2, 0.7, 0.0], [0.6, 0.4, 0.7, 0.1], [0.6, 0.4, 0.7, 0.1], [0.6, 0.4, 0.7, 0.1], [-0.1, 0.6, -0.3, 0.8], [-0.1, 0.6, -0.3, 0.8], [-0.4, 0.8, 0.2, 0.4], [-0.4, 0.8, 0.1, 0.5], [-0.5, 0.8, 0.1, 0.4], [-0.5, 0.8, 0.1, 0.4], [-0.1, 0.6, -0.3, 0.8], [-0.1, 0.6, -0.2, 0.8], [-0.1, 0.6, -0.3, 0.7], [-0.1, 0.6, -0.4, 0.7], [-0.1, 0.6, -0.4, 0.7], [-0.1, 0.6, -0.3, 0.8], [-0.1, 0.5, -0.3, 0.8], [-0.1, 0.5, -0.3, 0.8], [-0.1, 0.5, -0.4, 0.8], [-0.1, 0.5, -0.4, 0.8], [-0.1, 0.6, -0.3, 0.8], [-0.1, 0.5, -0.3, 0.8], [-0.1, 0.4, -0.4, 0.8], [-0.1, 0.5, -0.4, 0.8], [-0.1, 0.5, -0.4, 0.8], [0.0, 0.4, -0.4, 0.8], [0.0, 0.4, -0.3, 0.9], [-0.1, 0.3, -0.4, 0.8], [0.0, 0.3, -0.5, 0.8], [0.0, 0.3, -0.5, 0.8]]},
    "BODYJOINT 1":{"Timestamp": 3.740658, "Confidence": 0.8829588, "SkeletonChangedCount": 1, "JointPositions": [[0.0, 0.0, 0.4], [0.0, 0.5, 0.4], [0.0, 0.5, 0.4], [0.0, 0.6, 0.4], [0.0, 0.7, 0.4], [0.0, 0.9, 0.4], [0.0, 1.0, 0.4], [0.0, 1.1, 0.3], [0.0, 1.0, 0.3], [-0.2, 1.0, 0.4], [-0.2, 1.0, 0.4], [-0.2, 0.7, 0.2], [0.0, 0.6, 0.1], [0.1, 1.0, 0.3], [0.2, 1.0, 0.5], [0.2, 1.0, 0.5], [0.3, 0.7, 0.4], [0.2, 0.6, 0.2], [0.0, 0.6, 0.0], [0.0, 0.6, 0.1], [0.0, 0.6, 0.1], [0.1, 0.6, 0.1], [0.1, 0.5, 0.0], [0.1, 0.5, 0.0], [0.0, 0.6, 0.1], [0.1, 0.6, 0.0], [0.1, 0.5, 0.0], [0.1, 0.5, 0.0], [0.1, 0.5, 0.0], [0.0, 0.6, 0.1], [0.0, 0.6, 0.0], [0.1, 0.5, 0.0], [0.1, 0.5, 0.0], [0.1, 0.5, 0.0], [0.0, 0.6, 0.1], [0.0, 0.6, 0.0], [0.0, 0.5, 0.0], [0.0, 0.5, 0.0], [0.0, 0.5, 0.0], [0.0, 0.6, 0.1], [0.0, 0.6, 0.0], [0.0, 0.6, 0.0], [0.0, 0.5, 0.0], [0.0, 0.5, 0.0], [0.2, 0.6, 0.1], [0.2, 0.6, 0.2], [0.2, 0.6, 0.1], [0.2, 0.6, 0.1], [0.2, 0.6, 0.1], [0.2, 0.5, 0.1], [0.2, 0.6, 0.1], [0.2, 0.6, 0.1], [0.2, 0.6, 0.1], [0.2, 0.5, 0.0], [0.2, 0.5, 0.0], [0.2, 0.6, 0.1], [0.2, 0.6, 0.1], [0.3, 0.6, 0.1], [0.3, 0.5, 0.0], [0.3, 0.5, 0.0], [0.2, 0.6, 0.2], [0.3, 0.6, 0.1], [0.3, 0.6, 0.1], [0.3, 0.5, 0.1], [0.3, 0.5, 0.1], [0.2, 0.6, 0.2], [0.3, 0.6, 0.1], [0.3, 0.5, 0.1], [0.3, 0.5, 0.1], [0.3, 0.5, 0.1]], "JointOrientations": [[0.0, 0.5, 0.0, 0.8], [-0.4, 0.4, -0.6, 0.6], [-0.4, 0.4, -0.6, 0.6], [-0.4, 0.4, -0.6, 0.6], [-0.4, 0.4, -0.6, 0.6], [-0.4, 0.4, -0.6, 0.6], [-0.5, 0.4, -0.7, 0.4], [-0.4, 0.4, -0.6, 0.5], [-0.7, 0.0, 0.1, 0.7], [-0.6, -0.1, 0.0, 0.8], [0.7, 0.6, 0.0, -0.3], [0.2, 0.9, 0.1, -0.3], [0.3, 0.9, 0.3, -0.2], [-0.7, 0.3, -0.3, -0.6], [-0.7, 0.2, -0.2, -0.6], [-0.5, 0.3, 0.5, -0.6], [-0.6, -0.1, 0.8, -0.2], [-0.5, -0.1, 0.8, -0.3], [-0.5, -0.2, -0.8, -0.1], [-0.5, -0.2, -0.8, -0.1], [0.1, -0.4, 0.9, 0.3], [0.2, -0.3, 0.8, 0.5], [0.1, -0.3, 0.7, 0.6], [0.1, -0.3, 0.7, 0.6], [-0.5, -0.2, -0.8, -0.1], [0.5, 0.3, 0.8, 0.2], [0.4, 0.4, 0.7, 0.5], [0.4, 0.4, 0.6, 0.5], [0.4, 0.4, 0.6, 0.5], [-0.5, -0.2, -0.8, -0.1], [0.5, 0.3, 0.8, 0.2], [0.4, 0.4, 0.7, 0.3], [0.5, 0.4, 0.7, 0.3], [0.5, 0.4, 0.7, 0.3], [-0.5, -0.2, -0.8, -0.1], [0.6, 0.3, 0.8, 0.1], [0.5, 0.4, 0.7, 0.2], [0.5, 0.5, 0.7, 0.3], [0.5, 0.5, 0.7, 0.3], [0.6, 0.4, 0.7, 0.0], [0.7, 0.2, 0.7, 0.0], [0.6, 0.4, 0.7, 0.1], [0.6, 0.4, 0.7, 0.1], [0.6, 0.4, 0.7, 0.1], [-0.1, 0.6, -0.3, 0.8], [-0.1, 0.6, -0.3, 0.8], [-0.4, 0.8, 0.2, 0.4], [-0.4, 0.8, 0.1, 0.4], [-0.5, 0.8, 0.1, 0.4], [-0.5, 0.8, 0.1, 0.4], [-0.1, 0.6, -0.3, 0.8], [-0.1, 0.6, -0.2, 0.8], [-0.1, 0.6, -0.3, 0.7], [-0.1, 0.6, -0.4, 0.7], [-0.1, 0.6, -0.4, 0.7], [-0.1, 0.6, -0.3, 0.8], [-0.1, 0.5, -0.3, 0.8], [-0.1, 0.5, -0.4, 0.8], [-0.1, 0.5, -0.4, 0.8], [-0.1, 0.5, -0.4, 0.8], [-0.1, 0.6, -0.3, 0.8], [-0.1, 0.5, -0.3, 0.8], [-0.1, 0.4, -0.4, 0.8], [-0.1, 0.5, -0.4, 0.8], [-0.1, 0.5, -0.4, 0.8], [0.0, 0.4, -0.4, 0.8], [0.0, 0.4, -0.3, 0.9], [0.0, 0.3, -0.4, 0.9], [0.0, 0.3, -0.5, 0.8], [0.0, 0.3, -0.5, 0.8]]},
    "BODYJOINT 2":{"Timestamp": 3.760658, "Confidence": 0.8833123, "SkeletonChangedCount": 1, "JointPositions": [[0.0, 0.0, 0.4], [0.0, 0.5, 0.4], [0.0, 0.5, 0.4], [0.0, 0.6, 0.4], [0.0, 0.7, 0.4], [0.0, 0.9, 0.4], [0.0, 1.0, 0.4], [0.0, 1.1, 0.3], [0.0, 1.0, 0.3], [-0.2, 1.0, 0.4], [-0.2, 1.0, 0.4], [-0.2, 0.7, 0.2], [0.0, 0.6, 0.1], [0.1, 1.0, 0.3], [0.2, 1.0, 0.5], [0.2, 1.0, 0.5], [0.3, 0.7, 0.4], [0.2, 0.6, 0.2], [0.0, 0.6, 0.0], [0.0, 0.6, 0.1], [0.0, 0.6, 0.1], [0.1, 0.6, 0.1], [0.1, 0.5, 0.0], [0.1, 0.5, 0.0], [0.0, 0.6, 0.1], [0.1, 0.6, 0.0], [0.1, 0.5, 0.0], [0.1, 0.5, 0.0], [0.1, 0.5, 0.0], [0.0, 0.6, 0.1], [0.0, 0.6, 0.0], [0.1, 0.5, 0.0], [0.1, 0.5, 0.0], [0.1, 0.5, 0.0], [0.0, 0.6, 0.1], [0.0, 0.6, 0.0], [0.0, 0.5, 0.0], [0.0, 0.5, 0.0], [0.0, 0.5, 0.0], [0.0, 0.6, 0.1], [0.0, 0.6, 0.0], [0.0, 0.6, 0.0], [0.0, 0.5, 0.0], [0.0, 0.5, 0.0], [0.2, 0.6, 0.1], [0.2, 0.6, 0.2], [0.2, 0.6, 0.1], [0.2, 0.6, 0.1], [0.2, 0.6, 0.1], [0.2, 0.5, 0.1], [0.2, 0.6, 0.1], [0.2, 0.6, 0.1], [0.2, 0.6, 0.1], [0.2, 0.5, 0.0], [0.2, 0.5, 0.0], [0.2, 0.6, 0.2], [0.2, 0.6, 0.1], [0.3, 0.6, 0.1], [0.3, 0.5, 0.0], [0.3, 0.5, 0.0], [0.2, 0.6, 0.2], [0.3, 0.6, 0.1], [0.3, 0.5, 0.1], [0.3, 0.5, 0.1], [0.3, 0.5, 0.1], [0.2, 0.6, 0.2], [0.3, 0.6, 0.1], [0.3, 0.5, 0.1], [0.3, 0.5, 0.1], [0.3, 0.5, 0.1]],