{
"BONE 0": {"Joint": 0, "ParentJoint" : -1, "Pose":{"Position": [0, 0, 0], "Orientation": [0, 0, 0, 1]}},
"BONE 1": {"Joint": 1, "ParentJoint" : 0, "Pose":{"Position": [0, 0.900395, 0], "Orientation": [-0.5, 0.5, -0.5, 0.5]}},
"BONE 2": {"Joint": 2, "ParentJoint" : 1, "Pose":{"Position": [0, 0.9200986, 0.03170495], "Orientation": [-0.5, 0.5, -0.5, 0.5]}},
"BONE 3": {"Joint": 3, "ParentJoint" : 2, "Pose":{"Position": [0, 1.027691, 0.02094872], "Orientation": [-0.5, 0.5, -0.5, 0.5]}},
"BONE 4": {"Joint": 4, "ParentJoint" : 3, "Pose":{"Position": [9.536743E-09, 1.134266, 0.04623908], "Orientation": [-0.5, 0.5, -0.5, 0.5]}},
"BONE 5": {"Joint": 5, "ParentJoint" : 4, "Pose":{"Position": [4.768371E-08, 1.313891, 0.03618213], "Orientation": [-0.5232431, 0.4756224, -0.5232431, 0.4756224]}},
"BONE 6": {"Joint": 6, "ParentJoint" : 5, "Pose":{"Position": [6.67572E-08, 1.431785, -0.0146878], "Orientation": [-0.5232431, 0.4756224, -0.5232431, 0.4756224]}},
"BONE 7": {"Joint": 7, "ParentJoint" : 6, "Pose":{"Position": [7.152557E-08, 1.497745, -0.03454317], "Orientation": [-0.5232431, 0.4756224, -0.5232431, 0.4756224]}},
"BONE 8": {"Joint": 8, "ParentJoint" : 5, "Pose":{"Position": [-0.02749728, 1.369623, -0.06193883], "Orientation": [-0.685436, 0.2271162, 0.1737168, 0.6696404]}},
"BONE 9": {"Joint": 9, "ParentJoint" : 8, "Pose":{"Position": [-0.1607591, 1.411891, 0.03352594], "Orientation": [-0.6759025, 0.1549814, 0.01942422, 0.7202494]}},
"BONE 10": {"Joint": 10, "ParentJoint" : 9, "Pose":{"Position": [-0.1795229, 1.385701, 0.03478739], "Orientation": [-0.7057193, 0.01502983, 0.0442762, 0.7069471]}},
"BONE 11": {"Joint": 11, "ParentJoint" : 10, "Pose":{"Position": [-0.4364153, 1.368602, 0.03601617], "Orientation": [-0.7027318, -0.06658502, -0.03767623, 0.7073296]}},
"BONE 12": {"Joint": 12, "ParentJoint" : 11, "Pose":{"Position": [-0.6697451, 1.35998, 0.03143944], "Orientation": [-0.4826513, -0.05923465, 0.04579116, 0.8726066]}},
"BONE 13": {"Joint": 13, "ParentJoint" : 5, "Pose":{"Position": [0.02749739, 1.369619, -0.06193883], "Orientation": [0.6696436, -0.1737252, 0.2271069, 0.6854339]}},
"BONE 14": {"Joint": 14, "ParentJoint" : 13, "Pose":{"Position": [0.1607591, 1.411894, 0.03352595], "Orientation": [0.7202495, -0.01942419, 0.1549814, 0.6759025]}},
"BONE 15": {"Joint": 15, "ParentJoint" : 14, "Pose":{"Position": [0.1795242, 1.385697, 0.03478761], "Orientation": [0.7069471, -0.04427631, 0.01502981, 0.7057193]}},
"BONE 16": {"Joint": 16, "ParentJoint" : 15, "Pose":{"Position": [0.4364131, 1.368603, 0.03601687], "Orientation": [0.7073296, 0.03767611, -0.06658503, 0.7027318]}},
"BONE 17": {"Joint": 17, "ParentJoint" : 16, "Pose":{"Position": [0.6697423, 1.359981, 0.03143983], "Orientation": [-0.9074934, 0.0502583, 0.05549486, -0.4133402]}},
"BONE 18": {"Joint": 18, "ParentJoint" : 19, "Pose":{"Position": [-0.7365955, 1.364167, 0.01153366], "Orientation": [-0.9996577, 0.01746494, -0.01939348, -0.001895577]}},
"BONE 19": {"Joint": 19, "ParentJoint" : 11, "Pose":{"Position": [-0.6923453, 1.363804, 0.01404939], "Orientation": [-0.9996577, 0.01746494, -0.01939348, -0.001895577]}},
"BONE 20": {"Joint": 20, "ParentJoint" : 19, "Pose":{"Position": [-0.7252254, 1.347113, -0.01313315], "Orientation": [0.7630026, -0.109266, 0.2525049, 0.5849183]}},
"BONE 21": {"Joint": 21, "ParentJoint" : 20, "Pose":{"Position": [-0.7507835, 1.343238, -0.02858802], "Orientation": [0.7661814, -0.218468, 0.2443314, 0.5527567]}},
"BONE 22": {"Joint": 22, "ParentJoint" : 21, "Pose":{"Position": [-0.7753615, 1.345263, -0.04786869], "Orientation": [0.7661812, -0.2184691, 0.2443323, 0.5527562]}},
"BONE 23": {"Joint": 23, "ParentJoint" : 22, "Pose":{"Position": [-0.7876506, 1.346275, -0.05750903], "Orientation": [0.7661812, -0.2184691, 0.2443323, 0.5527562]}},
"BONE 24": {"Joint": 24, "ParentJoint" : 19, "Pose":{"Position": [-0.7264246, 1.354704, -0.004588273], "Orientation": [-0.9996577, 0.01746494, -0.01939348, -0.001895577]}},
"BONE 25": {"Joint": 25, "ParentJoint" : 24, "Pose":{"Position": [-0.7805414, 1.360032, -0.01118257], "Orientation": [0.9990418, 0.02474781, -0.01364906, 0.0334175]}},
"BONE 26": {"Joint": 26, "ParentJoint" : 25, "Pose":{"Position": [-0.8156186, 1.358326, -0.0101663], "Orientation": [0.9988283, 0.02798523, -0.02078596, 0.03356807]}},
"BONE 27": {"Joint": 27, "ParentJoint" : 26, "Pose":{"Position": [-0.8380772, 1.357099, -0.00918918], "Orientation": [0.9972988, -0.04333395, -0.0501333, 0.03168686]}},
"BONE 28": {"Joint": 28, "ParentJoint" : 27, "Pose":{"Position": [-0.8493065, 1.356486, -0.008700619], "Orientation": [0.9972988, -0.04333395, -0.0501333, 0.03168686]}},
"BONE 29": {"Joint": 29, "ParentJoint" : 19, "Pose":{"Position": [-0.7251105, 1.358113, 0.01050283], "Orientation": [-0.9996577, 0.01746494, -0.01939348, -0.001895577]}},
"BONE 30": {"Joint": 30, "ParentJoint" : 29, "Pose":{"Position": [-0.7808458, 1.36453, 0.009017928], "Orientation": [0.9983765, 0.05423281, -0.01513236, -0.008614971]}},
"BONE 31": {"Joint": 31, "ParentJoint" : 30, "Pose":{"Position": [-0.8203583, 1.360213, 0.01018228], "Orientation": [0.998403, 0.05234404, -0.01954293, -0.008355649]}},
"BONE 32": {"Joint": 32, "ParentJoint" : 31, "Pose":{"Position": [-0.8457191, 1.357538, 0.01115584], "Orientation": [0.9987019, -0.04031503, -0.03002022, -0.008246196]}},
"BONE 33": {"Joint": 33, "ParentJoint" : 32, "Pose":{"Position": [-0.8583995, 1.3562, 0.01164262], "Orientation": [0.9987019, -0.04031503, -0.03002022, -0.008246196]}},
"BONE 34": {"Joint": 34, "ParentJoint" : 19, "Pose":{"Position": [-0.7252477, 1.359419, 0.02669292], "Orientation": [-0.9996577, 0.01746494, -0.01939348, -0.001895577]}},
"BONE 35": {"Joint": 35, "ParentJoint" : 34, "Pose":{"Position": [-0.7752312, 1.360695, 0.02704349], "Orientation": [0.9979752, 0.02847169, -0.01360566, -0.05522464]}},
"BONE 36": {"Joint": 36, "ParentJoint" : 35, "Pose":{"Position": [-0.8112827, 1.358587, 0.02791087], "Orientation": [0.9977565, 0.03436977, -0.01587852, -0.05521274]}},
"BONE 37": {"Joint": 37, "ParentJoint" : 36, "Pose":{"Position": [-0.8358279, 1.356856, 0.02859741], "Orientation": [0.9984211, 0.005858651, 0.009920524, -0.05497851]}},
"BONE 38": {"Joint": 38, "ParentJoint" : 37, "Pose":{"Position": [-0.8481005, 1.35599, 0.02894069], "Orientation": [0.9984211, 0.005858651, 0.009920524, -0.05497851]}},
"BONE 39": {"Joint": 39, "ParentJoint" : 19, "Pose":{"Position": [-0.7249957, 1.356278, 0.03413881], "Orientation": [0.9711442, 0.005147852, -0.1179399, -0.2072261]}},
"BONE 40": {"Joint": 40, "ParentJoint" : 39, "Pose":{"Position": [-0.7661052, 1.353788, 0.04373337], "Orientation": [0.9914058, 0.0257911, 0.02544672, -0.1257054]}},
"BONE 41": {"Joint": 41, "ParentJoint" : 40, "Pose":{"Position": [-0.7944878, 1.352515, 0.04211301], "Orientation": [0.9917337, 0.01965031, -0.01909102, -0.1253543]}},
"BONE 42": {"Joint": 42, "ParentJoint" : 41, "Pose":{"Position": [-0.8132747, 1.351692, 0.04273278], "Orientation": [0.9915292, -0.01360965, 0.02438521, -0.1268463]}},
"BONE 43": {"Joint": 43, "ParentJoint" : 42, "Pose":{"Position": [-0.8226681, 1.35128, 0.04304266], "Orientation": [0.9915292, -0.01360965, 0.02438521, -0.1268463]}},
"BONE 44": {"Joint": 44, "ParentJoint" : 45, "Pose":{"Position": [0.736596, 1.364162, 0.01153495], "Orientation": [-0.001895585, 0.01939341, 0.01746484, 0.9996577]}},
"BONE 45": {"Joint": 45, "ParentJoint" : 16, "Pose":{"Position": [0.6923457, 1.363799, 0.01405067], "Orientation": [-0.001895585, 0.01939341, 0.01746484, 0.9996577]}},
"BONE 46": {"Joint": 46, "ParentJoint" : 45, "Pose":{"Position": [0.7252259, 1.347108, -0.01313185], "Orientation": [-0.5849181, 0.2525029, 0.1092672, 0.7630031]}},
"BONE 47": {"Joint": 47, "ParentJoint" : 46, "Pose":{"Position": [0.750784, 1.343234, -0.02858667], "Orientation": [-0.5527569, 0.2443294, 0.2184691, 0.7661816]}},
"BONE 48": {"Joint": 48, "ParentJoint" : 47, "Pose":{"Position": [0.7753621, 1.345258, -0.0478673], "Orientation": [-0.5527564, 0.2443304, 0.2184702, 0.7661813]}},